                  epoch,         train/box_loss,         train/cls_loss,         train/dfl_loss,   metrics/precision(B),      metrics/recall(B),       metrics/mAP50(B),    metrics/mAP50-95(B),           val/box_loss,           val/cls_loss,           val/dfl_loss,                 lr/pg0,                 lr/pg1,                 lr/pg2
                      1,                 1.7622,                 2.7069,                 2.0042,                 0.7456,                0.69918,                0.76228,                0.44185,                 1.5314,                  1.763,                 1.8185,              0.0033221,              0.0033221,              0.0033221
                      2,                 1.5312,                 1.8626,                 1.7904,                0.78886,                0.74576,                0.78702,                0.46543,                 1.4825,                 1.2817,                 1.7443,              0.0066482,              0.0066482,              0.0066482
